Datetime,PJMW_MW,Hour,Day,Month,Day_of_Week,Is_Weekend,Lag_1,Lag_24,Lag_48,Lag_168,Rolling_Mean_24,Rolling_Std_24,Rolling_Min_24,Rolling_Max_24
2002-04-30,5107.778181818182,11.54,19.04,4.0,2.792727272727273,0.26181818181818184,5106.8381818181815,5099.034545454546,5104.9745454545455,5212.46,5099.928409090909,519.9325883548706,4213.961818181818,5765.981818181818
2002-05-31,5085.094086021505,11.5,16.0,5.0,3.0,0.25806451612903225,5084.305107526881,5063.592741935484,5042.487903225807,5042.783602150537,5070.482862903225,510.92787368039404,4190.465053763441,5661.8696236559135
2002-06-30,5685.6819444444445,11.5,15.5,6.0,3.1666666666666665,0.3333333333333333,5685.270833333333,5699.084722222222,5710.566666666667,5475.1611111111115,5690.452488425925,816.9018892422985,4407.9875,6700.25
2002-07-31,6097.877688172043,11.5,16.0,7.0,2.806451612903226,0.25806451612903225,6096.635752688172,6057.198924731183,6015.461021505376,6060.4018817204305,6075.87539202509,920.5682418138392,4665.280913978495,7238.341397849463
2002-08-31,6063.909946236559,11.5,16.0,8.0,3.096774193548387,0.2903225806451613,6066.586021505376,6123.462365591397,6170.564516129032,6240.103494623656,6099.399473566308,909.1116612001804,4706.60752688172,7228.581989247312
2002-09-30,5419.641666666666,11.5,15.5,9.0,3.0,0.3,5419.195833333333,5409.730555555556,5439.988888888889,5531.309722222222,5412.476331018519,724.0998915267902,4274.030555555555,6326.929166666667
2002-10-31,5311.936742934051,11.51278600269179,15.985195154777927,10.0,2.899057873485868,0.2570659488559892,5311.222072678331,5291.835800807537,5242.611036339165,5211.045760430687,5304.462483176312,533.9453355247739,4398.920592193809,5987.006729475101
2002-11-30,5582.980555555556,11.5,15.5,11.0,3.1,0.3,5583.204166666666,5601.169444444445,5617.872222222222,5550.694444444444,5590.744618055555,484.30431119297475,4785.830555555555,6261.345833333334
2002-12-31,6154.673387096775,11.5,16.0,12.0,2.935483870967742,0.2903225806451613,6155.365591397849,6147.310483870968,6128.153225806452,6104.056451612903,6153.88188844086,516.24334068316,5301.606182795699,6894.743279569892
2003-01-31,6586.263440860215,11.5,16.0,1.0,3.0,0.25806451612903225,6584.987903225807,6557.969086021505,6545.872311827957,6396.314516129032,6570.601646505376,495.144413378087,5755.0362903225805,7271.717741935484
2003-02-28,6402.547619047619,11.5,14.5,2.0,3.0,0.2857142857142857,6402.452380952381,6402.165178571428,6390.147321428572,6467.455357142857,6403.535528273809,473.7253072871284,5622.982142857143,7080.983630952381
2003-03-31,5641.485215053764,11.5,16.0,3.0,3.064516129032258,0.3225806451612903,5641.575268817204,5651.206989247312,5700.435483870968,5888.5268817204305,5644.466285842294,463.74027837446863,4875.103494623656,6336.931451612903
2003-04-30,5232.509040333797,11.51182197496523,15.513212795549373,4.0,2.8956884561891516,0.26564673157162727,5233.6815020862305,5261.912378303199,5265.104311543811,5286.009735744089,5247.605238757534,471.27881732580886,4442.011126564673,5859.784422809457
2003-05-31,5026.915322580645,11.5,16.0,5.0,3.096774193548387,0.2903225806451613,5027.543010752688,5041.842741935484,5040.251344086021,5078.376344086021,5035.736783154121,524.7761364799942,4035.8494623655915,5590.69623655914
2003-06-30,5398.618055555556,11.5,15.5,6.0,3.0,0.3,5396.945833333333,5361.580555555555,5359.6194444444445,5166.383333333333,5375.27037037037,670.2399496240392,4278.004166666667,6154.483333333334
2003-07-31,5820.044354838709,11.5,16.0,7.0,2.903225806451613,0.25806451612903225,5819.979838709677,5815.842741935484,5790.8696236559135,5811.716397849463,5819.59957437276,844.5173427028948,4503.612903225807,6863.509408602151
2003-08-31,6024.669354838709,11.5,16.0,8.0,3.193548387096774,0.3225806451612903,6025.9529569892475,6061.852150537635,6077.770161290323,6007.645161290323,6045.098846326166,887.5355071485932,4693.896505376344,7178.745967741936
2003-09-30,5307.640277777778,11.5,15.5,9.0,2.8333333333333335,0.26666666666666666,5307.509722222222,5293.905555555555,5307.552777777778,5507.683333333333,5301.097569444444,623.8588050008939,4267.0875,6024.448611111111
2003-10-31,5275.403768506057,11.51278600269179,15.986541049798117,10.0,2.9959623149394345,0.2570659488559892,5275.726783310902,5274.602960969044,5260.64199192463,5220.593539703903,5276.228577837595,488.40737615430106,4435.662180349933,5921.991924629879
2003-11-30,5445.623611111111,11.5,15.5,11.0,3.1666666666666665,0.3333333333333333,5444.977777777778,5440.215277777777,5435.490277777778,5404.305555555556,5442.9984375,501.42259155574493,4608.408333333334,6138.718055555555
2003-12-31,6266.799731182796,11.5,16.0,12.0,2.806451612903226,0.25806451612903225,6266.561827956989,6241.573924731183,6233.209677419355,6200.845430107527,6252.737455197133,524.662104127205,5391.180107526881,7019.586021505376
2004-01-31,6828.658602150537,11.5,16.0,1.0,3.096774193548387,0.2903225806451613,6826.487903225807,6794.565860215053,6753.9220430107525,6519.947580645161,6812.62275985663,510.9091304110735,5972.633064516129,7569.706989247312
2004-02-29,6393.234195402299,11.5,15.0,2.0,3.103448275862069,0.3103448275862069,6395.564655172414,6456.130747126437,6505.867816091954,6641.130747126437,6425.7357519157085,452.00668322910866,5701.718390804598,7135.755747126437
2004-03-31,5777.657258064516,11.5,16.0,3.0,2.806451612903226,0.25806451612903225,5777.493279569892,5766.9744623655915,5769.294354838709,5962.506720430108,5769.782650089606,464.71078892941,4992.745967741936,6446.654569892473
2004-04-30,5426.9360222531295,11.51182197496523,15.515994436717664,4.0,3.0292072322670376,0.26564673157162727,5427.589707927677,5445.739916550765,5458.26842837274,5474.396383866481,5436.426402410756,489.04169947115275,4588.440890125174,6070.1863699582755
2004-05-31,5511.560483870968,11.5,16.0,5.0,3.064516129032258,0.3225806451612903,5511.575268817204,5523.315860215053,5546.149193548387,5454.779569892473,5517.131384408603,679.2910333067509,4403.6411290322585,6317.825268817204
2004-06-30,5716.779166666666,11.5,15.5,6.0,2.9,0.26666666666666666,5715.665277777778,5686.795833333334,5655.477777777778,5676.604166666667,5698.658391203703,742.3704322657347,4512.0361111111115,6630.920833333334
2004-07-31,5956.73252688172,11.5,16.0,7.0,3.096774193548387,0.2903225806451613,5956.956989247312,5953.811827956989,5928.049731182796,5877.575268817204,5958.259408602151,830.7257587581831,4657.4112903225805,6986.352150537635
2004-08-31,5910.219086021505,11.5,16.0,8.0,2.935483870967742,0.2903225806451613,5910.1518817204305,5900.177419354839,5898.131720430108,5814.810483870968,5903.740367383512,814.1257530967036,4638.029569892473,6932.926075268817
2004-09-30,5562.0625,11.5,15.5,9.0,2.966666666666667,0.26666666666666666,5562.798611111111,5583.497222222222,5614.154166666666,5768.719444444445,5574.182118055555,708.3082325665949,4423.506944444444,6442.740277777778
2004-10-31,5313.00269179004,11.51278600269179,15.979811574697173,10.0,3.189771197846568,0.32166890982503366,5313.726783310902,5337.825033647376,5357.166890982503,5346.351278600269,5327.086698070883,517.1573488676531,4427.489905787349,5973.016150740243
2004-11-30,5602.116666666667,11.5,15.5,11.0,2.8333333333333335,0.26666666666666666,5600.451388888889,5557.923611111111,5523.538888888889,5543.581944444444,5578.460474537037,495.02858136684347,4747.815277777778,6275.680555555556
2004-12-31,6395.706989247312,11.5,16.0,12.0,3.0,0.25806451612903225,6396.7862903225805,6413.001344086021,6407.368279569892,6212.854838709677,6406.542338709677,541.60784434507,5510.903225806452,7209.793010752688
2005-01-31,6598.818548387097,11.5,16.0,1.0,3.064516129032258,0.3225806451612903,6596.029569892473,6550.206989247312,6539.4744623655915,6429.845430107527,6572.456541218638,525.9997821589208,5704.278225806452,7352.915322580645
2005-02-28,6433.568452380952,11.5,14.5,2.0,3.0,0.2857142857142857,6434.398809523809,6442.474702380952,6453.197916666667,6585.6875,6435.815290178572,468.395945607689,5671.986607142857,7138.898809523809
2005-03-31,6218.537634408603,11.5,16.0,3.0,2.903225806451613,0.25806451612903225,6220.014784946236,6254.8481182795695,6269.1303763440865,6392.362903225807,6238.720262096775,450.03723762294453,5497.686827956989,6924.30376344086
2005-04-30,5380.98331015299,11.51182197496523,15.517385257301807,4.0,3.0959666203059806,0.29902642559109877,5381.84561891516,5401.852573018081,5409.0125173852575,5442.869262865091,5393.191063977747,464.8159022518058,4575.47983310153,6003.429763560501
2005-05-31,5253.323924731183,11.5,16.0,5.0,2.935483870967742,0.2903225806451613,5252.573924731183,5243.711021505376,5272.823924731183,5342.3696236559135,5245.108758960573,495.06888310383346,4392.194892473119,5871.837365591397
2005-06-30,6156.520833333333,11.5,15.5,6.0,2.966666666666667,0.26666666666666666,6155.051388888889,6109.145833333333,6037.148611111111,5806.375,6129.9712384259265,877.2951965198354,4754.733333333334,7210.944444444444
2005-07-31,6391.413978494624,11.5,16.0,7.0,3.193548387096774,0.3225806451612903,6391.639784946236,6415.639784946236,6441.352150537635,6411.326612903225,6403.439572132617,983.6948174787444,4915.330645161291,7659.8803763440865
2005-08-31,6471.497311827957,11.5,16.0,8.0,2.806451612903226,0.25806451612903225,6471.915322580645,6456.486559139785,6441.634408602151,6584.549731182796,6468.233926971327,939.4631789128603,5027.081989247312,7641.330645161291
2005-09-30,5777.605555555556,11.5,15.5,9.0,3.033333333333333,0.26666666666666666,5778.958333333333,5817.025,5847.468055555555,5891.261111111111,5798.492476851852,800.0332676516076,4535.2625,6815.866666666667
2005-10-31,5437.663526244953,11.51278600269179,15.981157469717362,10.0,3.060565275908479,0.32166890982503366,5437.248990578735,5424.0417227456255,5432.955585464334,5388.335127860027,5431.150235531629,542.3169572052464,4514.317631224764,6149.472409152087
2005-11-30,5779.622222222222,11.5,15.5,11.0,2.9,0.26666666666666666,5778.270833333333,5765.0680555555555,5750.009722222222,5733.461111111111,5768.582002314814,489.135383758262,4940.770833333333,6468.944444444444
2005-12-31,6563.709677419355,11.5,16.0,12.0,3.096774193548387,0.2903225806451613,6565.145161290323,6583.251344086021,6578.135752688172,6610.362903225807,6577.156306003585,530.0412157123692,5714.174731182796,7374.180107526881
2006-01-31,5753.059139784947,11.5,16.0,1.0,2.935483870967742,0.2903225806451613,5752.155913978495,5742.883064516129,5756.215053763441,5722.916666666667,5744.38664874552,499.757950052879,4906.82123655914,6462.2661290322585
2006-02-28,6041.986607142857,11.5,14.5,2.0,3.0,0.2857142857142857,6041.943452380952,6027.9077380952385,5983.680059523809,5984.202380952381,6039.049665178572,461.18591146223054,5283.736607142857,6723.825892857143
2006-03-31,5541.309139784947,11.5,16.0,3.0,3.0,0.25806451612903225,5543.2661290322585,5583.198924731183,5630.038978494624,5715.760752688172,5562.885080645161,431.47387025310553,4845.05376344086,6198.737903225807
2006-04-30,4788.084840055632,11.51182197496523,15.518776077885953,4.0,3.1627260083449236,0.33240611961057026,4788.307371349096,4814.809457579972,4841.784422809457,4923.304589707927,4801.223632359759,466.88533911227773,3984.65090403338,5407.6300417246175
2006-05-31,4875.614247311828,11.5,16.0,5.0,2.806451612903226,0.25806451612903225,4872.986559139785,4805.555107526881,4748.240591397849,4766.258064516129,4834.431451612903,528.8297064318202,3928.059139784946,5447.7862903225805
2006-06-30,5316.781944444445,11.5,15.5,6.0,3.033333333333333,0.26666666666666666,5318.354166666667,5350.416666666667,5371.105555555556,5267.894444444444,5336.535763888889,756.683871061687,4128.147222222222,6263.720833333334
2006-07-31,5892.2137096774195,11.5,16.0,7.0,3.064516129032258,0.3225806451612903,5889.844086021505,5848.008064516129,5838.479838709677,5709.405913978495,5864.513664874552,939.6615684483505,4434.685483870968,7047.522849462365
2006-08-31,6017.083333333333,11.5,16.0,8.0,2.903225806451613,0.25806451612903225,6019.383064516129,6056.584677419355,6054.629032258064,6092.3911290322585,6044.3907930107525,977.9627702019002,4568.772849462365,7308.334677419355
2006-09-30,4910.7236111111115,11.5,15.5,9.0,3.1,0.3,4911.8375,4941.065277777778,4977.211111111111,5156.023611111111,4927.325347222222,591.7533492521351,3932.2527777777777,5630.773611111111
2006-10-31,5027.837146702557,11.51278600269179,15.98250336473755,10.0,2.9313593539703904,0.28936742934051146,5027.3701211305515,5010.36069986541,4996.034993270525,4935.827725437416,5018.463043965904,503.92317447634343,4156.64199192463,5693.830417227457
2006-11-30,5260.4111111111115,11.5,15.5,11.0,2.966666666666667,0.26666666666666666,5260.165277777778,5257.397222222222,5257.615277777778,5299.640277777778,5257.885416666667,486.77549798612824,4441.5375,5938.106944444445
2006-12-31,5692.561827956989,11.5,16.0,12.0,3.193548387096774,0.3225806451612903,5692.6505376344085,5698.0362903225805,5699.881720430108,5627.235215053764,5696.271673387097,527.5837904405538,4845.478494623656,6496.959677419355
2007-01-31,6038.096774193548,11.5,16.0,1.0,2.806451612903226,0.25806451612903225,6035.4112903225805,5972.282258064516,5916.537634408603,5748.939516129032,6004.588821684587,529.0365670828852,5129.287634408603,6786.038978494624
2007-02-28,6725.8764880952385,11.5,14.5,2.0,3.0,0.2857142857142857,6727.306547619048,6760.663690476191,6789.65625,6842.869047619048,6744.818514384921,459.457864613204,6003.270833333333,7459.528273809524
2007-03-31,5599.539703903096,11.511440107671602,16.006729475100943,3.0,3.0928667563930015,0.28936742934051146,5601.621803499327,5647.545087483177,5678.593539703903,5878.0659488559895,5624.307312696276,468.9940435893312,4834.372812920592,6342.137281292059
2007-04-30,5215.961111111111,11.5,15.5,4.0,3.0,0.3,5215.2,5204.216666666666,5234.397222222222,5248.159722222223,5206.598206018519,459.93556812573473,4409.766666666666,5828.833333333333
2007-05-31,5034.049731182796,11.5,16.0,5.0,2.903225806451613,0.25806451612903225,5032.6720430107525,4997.366935483871,4945.646505376344,4903.887096774193,5012.167562724014,647.1141300307149,3944.8709677419356,5791.447580645161
2007-06-30,5508.394444444444,11.5,15.5,6.0,3.1,0.3,5509.947222222222,5545.358333333334,5558.019444444444,5422.245833333333,5530.7442129629635,865.7418596562136,4189.980555555556,6660.791666666667
2007-07-31,5560.966397849463,11.5,16.0,7.0,2.935483870967742,0.2903225806451613,5559.006720430108,5516.3588709677415,5493.4005376344085,5541.532258064516,5534.107414874552,874.3568466221926,4192.110215053764,6639.759408602151
2007-08-31,6079.646505376344,11.5,16.0,8.0,3.0,0.25806451612903225,6081.041666666667,6096.631720430108,6090.795698924731,6016.754032258064,6092.337757616488,997.6708507089606,4601.510752688172,7397.4112903225805
2007-09-30,5349.2125,11.5,15.5,9.0,3.1666666666666665,0.3333333333333333,5350.425,5400.1875,5464.105555555556,5551.766666666666,5375.727662037037,811.1411489790472,4119.445833333333,6428.219444444445
2007-10-31,5105.029569892473,11.5,16.0,10.0,2.806451612903226,0.25806451612903225,5104.258064516129,5072.795698924731,5041.139784946236,5155.361559139785,5091.2143817204305,617.6498777843767,4077.581989247312,5914.350806451613
2007-11-30,5433.47983310153,11.513212795549373,15.515994436717664,11.0,3.0292072322670376,0.26564673157162727,5432.297635605007,5411.883171070932,5398.376912378303,5295.511821974966,5421.511068613816,474.32538988561936,4620.267037552156,6096.933240611961
2007-12-31,6046.346774193548,11.5,16.0,12.0,3.064516129032258,0.3225806451612903,6046.737903225807,6057.32123655914,6064.497311827957,6053.688172043011,6051.652049731183,536.0275373571483,5158.32123655914,6827.564516129032
2008-01-31,6268.2755376344085,11.5,16.0,1.0,2.903225806451613,0.25806451612903225,6267.329301075269,6236.5362903225805,6215.877688172043,6082.8494623655915,6252.706989247312,500.1251218566498,5426.135752688172,6991.995967741936
2008-02-29,6279.462643678161,11.5,15.0,2.0,3.0344827586206895,0.27586206896551724,6279.760057471264,6271.466954022989,6242.166666666667,6274.1594827586205,6277.342911877395,478.4777523277478,5483.170977011494,6986.883620689655
2008-03-31,5627.838492597577,11.511440107671602,16.00942126514132,3.0,3.060565275908479,0.32166890982503366,5628.86137281292,5667.9878869448185,5730.462987886945,5847.876177658142,5645.7920592193805,452.0741441689348,4904.660834454912,6338.300134589502
2008-04-30,4959.263888888889,11.5,15.5,4.0,2.9,0.26666666666666666,4959.5986111111115,4973.311111111111,4975.2861111111115,5113.304166666667,4967.179456018519,483.7038297572296,4121.718055555555,5598.613888888889
2008-05-31,4840.682795698925,11.5,16.0,5.0,3.096774193548387,0.2903225806451613,4840.889784946236,4850.416666666667,4850.860215053764,4829.567204301075,4844.098678315412,495.1541937602182,3977.0497311827958,5414.189516129032
2008-06-30,5562.731944444445,11.5,15.5,6.0,3.0,0.3,5562.488888888889,5548.493055555556,5549.283333333334,5399.455555555555,5554.2164930555555,856.8789909769434,4219.538888888889,6611.563888888889
2008-07-31,5776.416666666667,11.5,16.0,7.0,2.903225806451613,0.25806451612903225,5774.920698924731,5746.295698924731,5709.7137096774195,5707.852150537635,5758.696740591397,967.5156720234651,4302.977150537635,7006.908602150537
2008-08-31,5458.784946236559,11.5,16.0,8.0,3.193548387096774,0.3225806451612903,5460.629032258064,5501.9637096774195,5535.490591397849,5574.698924731183,5482.698420698925,853.4096204699172,4166.068548387097,6588.2970430107525
2008-09-30,5144.813888888889,11.5,15.5,9.0,2.8333333333333335,0.26666666666666666,5144.7763888888885,5141.45,5146.820833333333,5264.493055555556,5144.31556712963,734.9928088761651,3966.6125,6060.916666666667
2008-10-31,4986.365591397849,11.5,16.0,10.0,3.0,0.25806451612903225,4986.336021505376,4974.590053763441,4954.956989247312,4890.080645161291,4984.809811827957,500.77004376126536,4127.783602150537,5658.971774193548
2008-11-30,5457.931849791377,11.513212795549373,15.518776077885953,11.0,3.1627260083449236,0.33240611961057026,5457.2781641168285,5454.631432545201,5464.9666203059805,5367.856745479833,5451.39168984701,484.69830071157054,4640.051460361613,6135.0890125173855
2008-12-31,6015.278225806452,11.5,16.0,12.0,2.806451612903226,0.25806451612903225,6014.006720430108,5994.106182795699,5981.544354838709,6069.647849462365,6002.754536290323,549.0447357241533,5087.763440860215,6811.158602150537
2009-01-31,6550.64247311828,11.5,16.0,1.0,3.096774193548387,0.2903225806451613,6550.779569892473,6537.885752688172,6506.293010752688,6265.508064516129,6548.864583333333,495.07659128265936,5735.745967741936,7282.658602150537
2009-02-28,6022.083333333333,11.5,14.5,2.0,3.0,0.2857142857142857,6023.101190476191,6059.724702380952,6108.5327380952385,6187.729166666667,6038.496155753968,484.04094617812837,5260.941964285715,6816.549107142857
2009-03-31,5337.670255720054,11.511440107671602,16.010767160161507,3.0,2.9313593539703904,0.28936742934051146,5338.609690444146,5343.2866756393005,5343.608344549125,5551.791386271871,5344.197790489009,466.46879597409634,4589.878869448183,6080.149394347241
2009-04-30,4849.751388888889,11.5,15.5,4.0,2.966666666666667,0.26666666666666666,4850.105555555556,4870.652777777777,4892.5,4922.9736111111115,4857.255439814815,495.5820164961331,4020.5569444444445,5533.683333333333
2009-05-31,4572.251344086021,11.5,16.0,5.0,3.193548387096774,0.3225806451612903,4572.5779569892475,4588.881720430108,4600.154569892473,4599.329301075269,4580.106406810036,579.9430066623114,3609.8225806451615,5242.405913978495
2009-06-30,5059.2875,11.5,15.5,6.0,2.8333333333333335,0.26666666666666666,5058.188888888889,5029.004166666667,5001.111111111111,4911.002777777778,5042.615856481481,778.1191983507684,3815.4944444444445,6024.538888888889
2009-07-31,5105.278225806452,11.5,16.0,7.0,3.0,0.25806451612903225,5105.1088709677415,5094.373655913979,5077.655913978495,5075.188172043011,5101.061883960573,803.2079287698747,3864.2956989247314,6118.485215053764
2009-08-31,5540.622311827957,11.5,16.0,8.0,3.064516129032258,0.3225806451612903,5541.399193548387,5559.85752688172,5598.799731182796,5561.353494623656,5549.304995519713,936.4360871276403,4147.055107526881,6757.5161290322585
2009-09-30,4748.466666666666,11.5,15.5,9.0,2.9,0.26666666666666666,4748.351388888889,4749.665277777778,4741.676388888889,4896.123611111111,4750.246701388889,644.0212047656611,3699.925,5537.033333333334
2009-10-31,4733.576612903225,11.5,16.0,10.0,3.096774193548387,0.2903225806451613,4734.215053763441,4746.920698924731,4746.977150537635,4736.674731182796,4741.5614359319,480.0772841263096,3916.8682795698924,5387.829301075269
2009-11-30,4955.984700973574,11.513212795549373,15.520166898470098,11.0,2.995827538247566,0.29902642559109877,4954.050069541029,4928.632823365786,4929.888734353269,4910.806675938804,4936.977862772369,456.5179880058729,4175.884561891516,5604.282336578582
2009-12-31,6031.521505376344,11.5,16.0,12.0,2.903225806451613,0.25806451612903225,6031.666666666667,6005.5779569892475,5942.416666666667,5795.645161290323,6023.52542562724,517.5157113423622,5183.0255376344085,6797.2970430107525
2010-01-31,6406.479838709677,11.5,16.0,1.0,3.193548387096774,0.3225806451612903,6405.212365591397,6386.524193548387,6374.19623655914,6273.560483870968,6397.340277777778,477.6635338853021,5618.146505376344,7117.564516129032
2010-02-28,6378.889880952381,11.5,14.5,2.0,3.0,0.2857142857142857,6380.075892857143,6409.450892857143,6443.46875,6451.519345238095,6392.771887400793,435.6456812931928,5693.739583333333,7077.181547619048
2010-03-31,5323.368775235532,11.511440107671602,16.002691790040377,3.0,2.8021534320323016,0.2570659488559892,5324.446837146703,5340.518169582772,5365.658142664872,5557.209959623149,5334.118326603858,439.97420452803203,4606.776581426649,6006.250336473755
2010-04-30,4738.938888888889,11.5,15.5,4.0,3.033333333333333,0.26666666666666666,4739.184722222222,4751.073611111111,4759.261111111111,4833.5361111111115,4742.811284722222,473.5180685304296,3913.016666666667,5365.966666666666
2010-05-31,4962.254032258064,11.5,16.0,5.0,3.064516129032258,0.3225806451612903,4961.39247311828,4949.278225806452,4949.538978494624,4810.305107526881,4950.828349014337,639.5136456063979,3897.434139784946,5718.182795698925
2010-06-30,5689.716666666666,11.5,15.5,6.0,2.9,0.26666666666666666,5689.956944444444,5688.866666666667,5657.790277777778,5572.6,5692.255439814815,912.0126609615143,4272.634722222222,6828.480555555556
2010-07-31,6035.850806451613,11.5,16.0,7.0,3.096774193548387,0.2903225806451613,6035.860215053764,6040.490591397849,6052.5,6032.262096774193,6037.239863351254,1046.2896794824426,4470.258064516129,7393.264784946236
2010-08-31,5838.908602150537,11.5,16.0,8.0,2.935483870967742,0.2903225806451613,5837.342741935484,5797.658602150537,5776.92876344086,5911.5470430107525,5812.9220430107525,969.9144757333648,4376.3494623655915,7096.430107526881
2010-09-30,5064.072222222222,11.5,15.5,9.0,2.966666666666667,0.26666666666666666,5066.355555555556,5116.9638888888885,5165.404166666666,5208.366666666667,5098.019212962963,760.5497111706055,3908.9972222222223,6095.758333333333
2010-10-31,4732.794354838709,11.5,16.0,10.0,3.193548387096774,0.3225806451612903,4732.638440860215,4741.155913978495,4739.7768817204305,4767.893817204301,4738.468357974911,485.5773957156823,3894.5389784946237,5376.0161290322585
2010-11-30,5256.499304589708,11.513212795549373,15.51182197496523,11.0,2.8289290681502086,0.26564673157162727,5256.052851182198,5226.061196105702,5195.556328233658,5156.467315716272,5240.262807139546,443.08797967848915,4514.668984700974,5904.898470097358
2010-12-31,6477.201884253028,11.515477792732167,16.00807537012113,12.0,2.9986541049798117,0.25841184387617766,6477.308209959623,6478.1251682368775,6465.799461641992,6298.161507402423,6480.474259757739,504.15783955204904,5661.611036339165,7239.606998654105
2011-01-31,6533.490591397849,11.5,16.0,1.0,3.064516129032258,0.3225806451612903,6531.646505376344,6491.896505376344,6497.344086021505,6446.083333333333,6508.9624215949825,478.88135235572736,5719.063172043011,7227.143817204301
2011-02-28,6106.610119047619,11.5,14.5,2.0,3.0,0.2857142857142857,6107.788690476191,6152.678571428572,6183.680059523809,6231.520833333333,6128.453062996032,447.30673194228996,5402.918154761905,6836.635416666667
2011-03-31,5562.510094212651,11.511440107671602,16.004037685060567,3.0,2.899057873485868,0.2570659488559892,5562.184387617765,5543.148048452221,5514.337819650067,5592.554508748318,5554.715791834904,450.05658585720056,4817.99865410498,6243.524899057874
2011-04-30,4961.569444444444,11.5,15.5,4.0,3.1,0.3,4963.780555555555,5016.756944444444,5058.126388888889,5209.394444444444,4992.07818287037,472.47541325948316,4167.501388888889,5599.3875
2011-05-31,4947.189516129032,11.5,16.0,5.0,2.935483870967742,0.2903225806451613,4943.715053763441,4876.829301075269,4846.055107526881,4774.819892473119,4900.879088261649,612.1060312349927,3877.532258064516,5632.817204301075
2011-06-30,5480.983333333334,11.5,15.5,6.0,2.966666666666667,0.26666666666666666,5482.906944444445,5520.555555555556,5522.875,5535.634722222222,5505.666493055555,870.080432048371,4159.159722222223,6612.752777777778
2011-07-31,6097.427419354839,11.5,16.0,7.0,3.193548387096774,0.3225806451612903,6096.489247311828,6082.977150537635,6065.103494623656,5875.162634408603,6087.86161514337,1088.1746628901765,4479.212365591397,7533.0362903225805
2011-08-31,5709.915322580645,11.5,16.0,8.0,2.806451612903226,0.25806451612903225,5710.747311827957,5718.037634408603,5744.934139784947,5894.2755376344085,5715.590445788531,918.0436168205026,4338.927419354839,6930.668010752688
2011-09-30,5028.708333333333,11.5,15.5,9.0,3.033333333333333,0.26666666666666666,5030.204166666666,5056.277777777777,5068.726388888889,5155.666666666667,5047.91712962963,686.1617396759997,3931.1736111111113,5894.1513888888885
2011-10-31,4836.944892473119,11.5,16.0,10.0,3.064516129032258,0.3225806451612903,4835.686827956989,4806.5994623655915,4800.67876344086,4765.809139784947,4821.6531698028675,490.0099354653973,3976.9422043010754,5471.331989247312
2011-11-30,5157.801112656467,11.513212795549373,15.513212795549373,11.0,2.8956884561891516,0.26564673157162727,5157.037552155772,5152.785813630042,5153.947148817802,5225.997218358832,5151.627549837738,461.1023583753736,4381.598052851182,5838.112656467316
2011-12-31,5704.434139784947,11.5,16.0,12.0,3.096774193548387,0.2903225806451613,5705.939516129032,5730.6505376344085,5715.9731182795695,5573.969086021505,5720.972558243727,511.7774435058632,4889.4637096774195,6484.228494623656
2012-01-31,6116.665322580645,11.5,16.0,1.0,2.935483870967742,0.2903225806451613,6116.216397849463,6095.740591397849,6074.2661290322585,6046.2338709677415,6108.312275985662,485.1004886184139,5313.658602150537,6852.415322580645
2012-02-29,5833.787356321839,11.5,15.0,2.0,2.9655172413793105,0.27586206896551724,5833.484195402299,5830.412356321839,5850.985632183908,5893.471264367816,5829.53436302682,450.77526165789834,5104.538793103448,6543.4655172413795
2012-03-31,5014.018842530282,11.511440107671602,16.006729475100943,3.0,3.0928667563930015,0.28936742934051146,5014.876177658142,5050.6446837146705,5069.339165545088,5181.294751009421,5033.903656348138,472.02030282329287,4232.690444145357,5717.71601615074
2012-04-30,4752.9375,11.5,15.5,4.0,3.0,0.3,4752.7763888888885,4742.5986111111115,4762.834722222222,4749.001388888889,4745.4109375,461.2071339767824,3966.6847222222223,5408.819444444444
2012-05-31,5098.493279569892,11.5,16.0,5.0,2.903225806451613,0.25806451612903225,5097.7338709677415,5081.620967741936,5039.185483870968,4918.162634408603,5087.706653225807,721.1733014966103,3923.782258064516,5954.049731182796
2012-06-30,5340.579166666666,11.5,15.5,6.0,3.1,0.3,5340.966666666666,5365.906944444445,5334.997222222222,5388.870833333333,5352.449016203704,867.9945210392657,4030.188888888889,6465.2625
2012-07-31,5943.020161290323,11.5,16.0,7.0,2.935483870967742,0.2903225806451613,5942.060483870968,5898.873655913979,5921.5268817204305,5842.788978494624,5920.397233422939,1043.1701323745433,4379.985215053764,7303.514784946236
2012-08-31,5659.037634408603,11.5,16.0,8.0,3.0,0.25806451612903225,5658.985215053764,5665.9005376344085,5678.684139784947,5718.754032258064,5660.088933691757,977.9445797604861,4221.377688172043,6962.444892473119
2012-09-30,4973.606944444445,11.5,15.5,9.0,3.1666666666666665,0.3333333333333333,4975.879166666667,5031.313888888889,5077.477777777778,5211.690277777778,5009.651909722223,691.2307485068638,3927.3069444444445,5914.2236111111115
2012-10-31,4805.700268817204,11.5,16.0,10.0,2.806451612903226,0.25806451612903225,4804.563172043011,4767.831989247312,4736.9005376344085,4754.92876344086,4786.53483422939,489.12191985289894,3952.3467741935483,5449.084677419355
2012-11-30,5485.579972183588,11.513212795549373,15.515994436717664,11.0,3.0292072322670376,0.26564673157162727,5485.037552155772,5465.151599443671,5432.052851182198,5262.144645340751,5477.762633286973,424.8195319694434,4796.1404728789985,6116.840055632823
2012-12-31,5711.481182795699,11.5,16.0,12.0,3.064516129032258,0.3225806451612903,5711.225806451613,5701.94623655914,5707.627688172043,5668.844086021505,5705.150089605735,521.2044339522367,4861.409946236559,6480.013440860215
2013-01-31,6220.529569892473,11.5,16.0,1.0,2.903225806451613,0.25806451612903225,6219.243279569892,6221.271505376344,6242.120967741936,6153.1720430107525,6214.444556451613,501.8190853911545,5393.383064516129,6968.26747311828
2013-02-28,6362.821428571428,11.5,14.5,2.0,3.0,0.2857142857142857,6363.644345238095,6362.944940476191,6339.653273809524,6401.974702380952,6367.504526289683,447.35468311090165,5633.627976190476,7062.413690476191
2013-03-31,5883.0,11.511440107671602,16.00807537012113,3.0,3.189771197846568,0.32166890982503366,5884.695827725437,5926.510094212651,5960.686406460296,6001.7523553162855,5907.628589053387,440.59797285532363,5179.131897711978,6595.799461641992
2013-04-30,4944.922222222222,11.5,15.5,4.0,2.8333333333333335,0.26666666666666666,4944.916666666667,4942.794444444445,4943.6819444444445,5141.694444444444,4942.400868055555,443.9246680121454,4185.988888888889,5584.6
2013-05-31,4973.587365591397,11.5,16.0,5.0,3.0,0.25806451612903225,4971.951612903225,4932.938172043011,4894.674731182796,4887.4946236559135,4947.999775985663,575.3123209975224,3982.9274193548385,5681.040322580645
2013-06-30,5365.340277777777,11.5,15.5,6.0,3.1666666666666665,0.3333333333333333,5366.019444444444,5394.670833333334,5425.133333333333,5220.3388888888885,5380.778009259259,822.1125885504391,4097.554166666667,6412.331944444444
2013-07-31,5824.7970430107525,11.5,16.0,7.0,2.806451612903226,0.25806451612903225,5825.033602150537,5822.221774193548,5813.688172043011,5946.290322580645,5825.623879928316,960.0777601655707,4387.459677419355,7080.060483870968
2013-08-31,5446.470430107527,11.5,16.0,8.0,3.096774193548387,0.2903225806451613,5446.118279569892,5436.440860215053,5414.055107526881,5320.991935483871,5440.128024193548,835.2823896908357,4168.572580645161,6535.779569892473
2013-09-30,5006.7125,11.5,15.5,9.0,3.0,0.3,5007.934722222222,5034.779166666666,5108.870833333333,5272.5361111111115,5022.612210648148,690.6629403364383,3921.775,5918.705555555555
2013-10-31,4995.041666666667,11.5,16.0,10.0,2.903225806451613,0.25806451612903225,4995.024193548387,4989.100806451613,4948.022849462365,4865.216397849463,4994.132280465949,533.0887931225556,4105.051075268817,5707.697580645161
2013-11-30,5614.906815020862,11.513212795549373,15.517385257301807,11.0,3.0959666203059806,0.29902642559109877,5613.347705146036,5579.618915159945,5559.134909596662,5367.207232267037,5598.519007881317,456.5234927283587,4834.350486787204,6279.243393602225
2013-12-31,6080.012096774193,11.5,16.0,12.0,2.935483870967742,0.2903225806451613,6079.5779569892475,6068.334677419355,6059.568548387097,6139.6411290322585,6072.29872311828,491.0440668449487,5253.665322580645,6800.4946236559135
2014-01-31,7009.864247311828,11.5,16.0,1.0,3.0,0.25806451612903225,7009.813172043011,7000.85752688172,6939.30376344086,6655.626344086021,7008.190468189964,484.24233083463514,6217.19623655914,7786.346774193548
2014-02-28,6616.827380952381,11.5,14.5,2.0,3.0,0.2857142857142857,6615.613095238095,6587.1547619047615,6605.925595238095,6871.2202380952385,6603.342571924602,426.1811221868003,5935.263392857143,7321.894345238095
2014-03-31,6081.9192462987885,11.511440107671602,16.00942126514132,3.0,3.060565275908479,0.32166890982503366,6084.448183041723,6143.559892328399,6206.751009421265,6225.044414535666,6112.770580978017,462.3655043707417,5384.302826379542,6908.658142664872
2014-04-30,4977.5680555555555,11.5,15.5,4.0,2.9,0.26666666666666666,4977.938888888889,4991.372222222222,5002.118055555556,5218.688888888889,4981.511574074074,424.98651828905423,4253.672222222222,5590.152777777777
2014-05-31,4898.639784946236,11.5,16.0,5.0,3.096774193548387,0.2903225806451613,4898.94623655914,4914.915322580645,4918.7755376344085,4873.529569892473,4905.21477374552,558.5812230730445,3967.3064516129034,5598.17876344086
2014-06-30,5498.970833333334,11.5,15.5,6.0,3.0,0.3,5496.684722222222,5451.726388888889,5439.516666666666,5287.595833333334,5468.949363425926,859.355444743226,4154.408333333334,6586.831944444444
2014-07-31,5580.614247311828,11.5,16.0,7.0,2.903225806451613,0.25806451612903225,5581.719086021505,5603.868279569892,5615.6303763440865,5721.915322580645,5595.799171146954,890.1672224589519,4254.021505376344,6760.456989247312
2014-08-31,5482.19623655914,11.5,16.0,8.0,3.193548387096774,0.3225806451612903,5482.456989247312,5484.606182795699,5475.1518817204305,5410.709677419355,5485.14857750896,849.6768217134727,4203.012096774193,6605.043010752688
2014-09-30,5178.868055555556,11.5,15.5,9.0,2.8333333333333335,0.26666666666666666,5179.570833333333,5187.919444444445,5197.283333333334,5346.7763888888885,5184.073842592592,700.0015384911871,4064.1291666666666,6066.926388888889
2014-10-31,4890.7661290322585,11.5,16.0,10.0,3.0,0.25806451612903225,4890.572580645161,4886.186827956989,4880.868279569892,4881.448924731183,4890.700492831541,469.23434001353667,4066.5,5510.595430107527
2014-11-30,5663.607489597781,11.486823855755894,15.48127600554785,11.0,3.1705963938973647,0.3342579750346741,5663.980582524272,5669.658807212205,5652.665742024966,5518.600554785021,5667.342637540452,436.83993763174857,4941.880721220527,6316.391123439667
2014-12-31,6047.541666666667,11.5,16.0,12.0,2.806451612903226,0.25806451612903225,6045.159946236559,5996.05376344086,5977.0994623655915,6027.087365591397,6020.090277777778,484.33466533498745,5206.962365591397,6716.770161290323
2015-01-31,6777.69623655914,11.5,16.0,1.0,3.096774193548387,0.2903225806451613,6777.424731182796,6762.403225806452,6740.700268817204,6481.692204301075,6773.315804211469,459.18937185419344,6015.1411290322585,7474.9112903225805
2015-02-28,7269.055059523809,11.5,14.5,2.0,3.0,0.2857142857142857,7268.818452380952,7267.424107142857,7255.400297619048,7201.534226190476,7268.8071056547615,485.9842760179115,6506.284226190476,8107.2202380952385
2015-03-31,6017.460296096904,11.511440107671602,16.010767160161507,3.0,2.9313593539703904,0.28936742934051146,6019.413189771198,6069.21534320323,6119.886944818304,6323.759084791386,6040.842193808883,444.09318730054326,5337.624495289368,6793.472409152087
2015-04-30,4955.444444444444,11.5,15.5,4.0,2.966666666666667,0.26666666666666666,4956.127777777778,4976.111111111111,5002.3375,5154.063888888889,4964.233564814815,424.6532996363511,4227.320833333333,5562.9319444444445
2015-05-31,5152.038978494624,11.5,16.0,5.0,3.193548387096774,0.3225806451612903,5151.502688172043,5138.384408602151,5125.4838709677415,5033.247311827957,5141.764672939068,696.5880790229759,4033.05376344086,6032.888440860215
2015-06-30,5506.2,11.5,15.5,6.0,2.8333333333333335,0.26666666666666666,5506.3069444444445,5505.697222222222,5518.145833333333,5593.261111111111,5505.913310185186,832.1966376257816,4233.5888888888885,6589.259722222222
2015-07-31,5781.5053763440865,11.5,16.0,7.0,3.0,0.25806451612903225,5780.684139784947,5760.884408602151,5707.3279569892475,5533.004032258064,5770.059083781362,964.5496241255295,4337.038978494624,7037.26747311828
2015-08-31,5583.073924731183,11.5,16.0,8.0,3.064516129032258,0.3225806451612903,5582.793010752688,5575.73252688172,5617.364247311828,5780.6720430107525,5577.520945340502,943.9015788144785,4194.8803763440865,6851.212365591397
2015-09-30,5288.5,11.5,15.5,9.0,2.9,0.26666666666666666,5290.377777777778,5326.576388888889,5327.351388888889,5404.8694444444445,5315.106886574074,807.5197490967169,4086.6625,6403.018055555555
2015-10-31,4809.19623655914,11.5,16.0,10.0,3.096774193548387,0.2903225806451613,4809.6196236559135,4822.158602150537,4832.806451612903,4809.002688172043,4817.842573924731,445.5182776734745,4047.5725806451615,5417.024193548387
2015-11-30,5053.233009708738,11.486823855755894,15.47988904299584,11.0,3.0041608876560333,0.30097087378640774,5051.753120665742,5022.682385575589,5029.9306518724,5011.625520110957,5033.477404068423,432.00755813199794,4321.0804438280165,5664.324549237171
2015-12-31,5364.998655913979,11.5,16.0,12.0,2.903225806451613,0.25806451612903225,5365.299731182796,5377.622311827957,5363.228494623656,5399.4112903225805,5371.905409946236,470.4183817785539,4578.240591397849,6045.8911290322585
2016-01-31,6508.4731182795695,11.5,16.0,1.0,3.193548387096774,0.3225806451612903,6508.7661290322585,6507.129032258064,6479.518817204301,6201.370967741936,6511.666946684587,465.2193847164794,5777.6088709677415,7284.106182795699
2016-02-29,6226.278735632184,11.5,15.0,2.0,2.896551724137931,0.27586206896551724,6225.670977011494,6221.484195402299,6252.35632183908,6337.67959770115,6220.018438697318,431.3139285187336,5516.107758620689,6903.267241379311
2016-03-31,5184.775235531629,11.511440107671602,16.004037685060567,3.0,2.899057873485868,0.2570659488559892,5185.909825033647,5202.71467025572,5201.675639300134,5408.663526244953,5195.83080978017,416.12071937455795,4493.640646029609,5832.885598923284
2016-04-30,4937.476388888889,11.5,15.5,4.0,3.1,0.3,4937.905555555555,4952.093055555555,4963.779166666666,4965.548611111111,4945.666145833334,425.0263472771386,4215.413888888889,5558.872222222222
2016-05-31,4857.510752688172,11.5,16.0,5.0,2.935483870967742,0.2903225806451613,4855.4946236559135,4814.39247311828,4809.2244623655915,4701.817204301075,4827.507784498208,527.7954529568034,3944.8830645161293,5468.762096774193
2016-06-30,5461.280555555555,11.5,15.5,6.0,2.966666666666667,0.26666666666666666,5461.780555555555,5474.876388888889,5467.493055555556,5422.166666666667,5469.926909722222,872.57823025454,4148.85,6632.125
2016-07-31,5960.2768817204305,11.5,16.0,7.0,3.193548387096774,0.3225806451612903,5959.635752688172,5950.689516129032,5940.831989247312,5801.85752688172,5954.302363351254,1013.9873727410703,4459.674731182796,7288.079301075269
2016-08-31,6255.7446236559135,11.5,16.0,8.0,2.806451612903226,0.25806451612903225,6255.559139784947,6241.981182795699,6219.498655913979,6231.6505376344085,6248.830029121864,1078.2807988215172,4680.76747311828,7682.0
2016-09-30,5421.413888888889,11.5,15.5,9.0,3.033333333333333,0.26666666666666666,5423.6,5465.204166666666,5509.876388888889,5778.622222222222,5450.028877314815,850.3121636968951,4190.083333333333,6617.1819444444445
2016-10-31,4758.688172043011,11.5,16.0,10.0,3.064516129032258,0.3225806451612903,4758.0470430107525,4754.655913978495,4774.185483870968,4741.538978494624,4755.44769265233,477.313167737614,3942.2889784946237,5393.084677419355
2016-11-30,5234.746185852982,11.486823855755894,15.486823855755894,11.0,2.9042995839112344,0.26768377253814146,5234.522884882108,5218.6033287101245,5184.556171983357,5178.355062413315,5226.564840499306,410.3772179553884,4548.631067961165,5855.400832177531
2016-12-31,6129.709677419355,11.5,16.0,12.0,3.096774193548387,0.2903225806451613,6129.360215053764,6111.032258064516,6083.647849462365,6040.9838709677415,6123.278113799283,467.88568444543455,5359.111559139785,6835.004032258064
2017-01-31,6095.760752688172,11.5,16.0,1.0,2.935483870967742,0.2903225806451613,6094.895161290323,6075.951612903225,6062.768817204301,5973.322580645161,6085.54037858423,457.0667836045009,5323.557795698925,6758.845430107527
2017-02-28,5692.5327380952385,11.5,14.5,2.0,3.0,0.2857142857142857,5693.934523809524,5730.327380952381,5757.2797619047615,5924.660714285715,5710.766183035715,437.10638545113846,4981.919642857143,6401.224702380952
2017-03-31,5680.520861372813,11.511440107671602,16.005383580080753,3.0,2.9959623149394345,0.2570659488559892,5680.596231493943,5686.682368775236,5707.917900403769,5737.457604306864,5682.340231045312,424.10411992140075,4988.808882907133,6368.838492597577
2017-04-30,4805.781944444445,11.5,15.5,4.0,3.1666666666666665,0.3333333333333333,4805.569444444444,4821.5680555555555,4838.034722222223,4805.8125,4809.9609375,456.1018711638301,4026.7569444444443,5415.101388888889
2017-05-31,4901.551075268817,11.5,16.0,5.0,2.806451612903226,0.25806451612903225,4901.653225806452,4887.926075268817,4872.182795698925,4932.319892473119,4896.149137544803,521.5173467575848,4017.8131720430106,5543.98252688172
2017-06-30,5477.659722222223,11.5,15.5,6.0,3.033333333333333,0.26666666666666666,5476.158333333334,5445.305555555556,5428.844444444445,5338.280555555555,5457.6724537037035,811.9281777874971,4217.668055555556,6502.686111111111
2017-07-31,5842.966397849463,11.5,16.0,7.0,3.064516129032258,0.3225806451612903,5843.399193548387,5857.180107526881,5883.551075268817,5815.704301075269,5849.418682795699,947.8486916459789,4458.614247311828,7120.493279569892
2017-08-31,5609.067204301075,11.5,16.0,8.0,2.903225806451613,0.25806451612903225,5609.809139784947,5617.129032258064,5602.94623655914,5689.623655913979,5616.206765232975,870.641296842626,4332.388440860215,6793.159946236559
2017-09-30,5111.904166666666,11.5,15.5,9.0,3.1,0.3,5113.265277777778,5149.2375,5166.266666666666,5053.531944444445,5135.3883680555555,705.6583098873463,4059.1833333333334,6080.55
2017-10-31,4944.17876344086,11.5,16.0,10.0,2.935483870967742,0.2903225806451613,4942.887096774193,4916.700268817204,4898.958333333333,5027.412634408603,4929.857974910395,510.6113734400409,4080.2217741935483,5616.05376344086
2017-11-30,5473.181692094314,11.486823855755894,15.485436893203884,11.0,2.970873786407767,0.26768377253814146,5473.205270457697,5460.429958391123,5454.550624133149,5377.847434119279,5467.224110032363,404.03193689066904,4798.049930651872,6071.632454923717
2017-12-31,6349.477150537635,11.5,16.0,12.0,3.193548387096774,0.3225806451612903,6346.258064516129,6288.916666666667,6239.57123655914,5974.836021505376,6316.064684139785,437.272830058747,5597.681451612903,6973.227150537635
2018-01-31,6869.909946236559,11.5,16.0,1.0,2.806451612903226,0.25806451612903225,6871.7446236559135,6880.682795698925,6880.918010752688,7032.044354838709,6880.5880376344085,449.7844911568694,6162.14247311828,7627.728494623656
2018-02-28,5979.610119047619,11.5,14.5,2.0,3.0,0.2857142857142857,5981.306547619048,6037.122023809524,6083.1889880952385,6211.745535714285,6006.941096230158,438.52524861674203,5273.339285714285,6691.607142857143
2018-03-31,5973.189771197846,11.511440107671602,16.006729475100943,3.0,3.0928667563930015,0.28936742934051146,5973.6150740242265,5987.333781965007,6008.977119784657,5946.302826379542,5982.240634813818,397.1727190381455,5348.85868102288,6637.829071332436
2018-04-30,5281.277777777777,11.5,15.5,4.0,3.0,0.3,5281.2375,5277.433333333333,5287.047222222222,5423.9625,5277.841435185185,400.0179736850305,4629.3875,5905.425
2018-05-31,5278.620967741936,11.5,16.0,5.0,2.903225806451613,0.25806451612903225,5277.231182795699,5253.524193548387,5209.876344086021,5097.4112903225805,5260.314124103943,692.1389446440738,4175.118279569892,6172.580645161291
2018-06-30,5559.326388888889,11.5,15.5,6.0,3.1,0.3,5558.775,5553.925,5550.7625,5546.031944444445,5553.036226851852,795.3013631109711,4347.069444444444,6598.5680555555555
2018-07-31,5978.728494623656,11.5,16.0,7.0,2.935483870967742,0.2903225806451613,5979.5053763440865,5995.263440860215,6019.283602150537,5993.735215053764,5990.352262544802,1006.4474868126546,4525.002688172043,7360.344086021505
2018-08-31,5874.34693877551,11.26530612244898,1.530612244897959,8.0,2.5306122448979593,0.0,5880.102040816327,5801.102040816327,5571.959183673469,6119.877551020408,5846.31462585034,825.1280518057731,4548.34693877551,6933.448979591837
